geneA,geneB,11893_2#38,11893_2#39,11893_2#41,11893_2#61,11893_2#62,11893_2#63,11893_2#64,11893_2#65,11893_2#66,11893_2#67,11893_2#68,11893_2#69,11893_2#70,11893_2#71,11893_2#72,11893_2#73,11893_2#74,11893_2#75,4502_3#1,4502_3#2,4502_3#3,4502_3#6,5886_7#1,5886_7#2,7712_6#16,7712_6#38,7712_6#39,7712_6#40,7712_6#41,7712_6#42,7712_6#43,7712_6#44,7712_6#45,7712_6#46,QGEM,QGEN,QGEP,QGES,QGEU,QGFA,QGFD,QGFG,QGFH,QGFK,QGFR,QGFS
sopE,group_1923,31,31,Diff_contigs,31,31,31,31,31,31,31,31,31,31,31,31,Diff_contigs,31,Diff_contigs,31,Missing_in_one,Diff_contigs,Diff_contigs,Missing_in_one,Diff_contigs,31,31,31,31,Diff_contigs,31,31,Diff_contigs,31,Diff_contigs,30,30,30,30,30,30,30,Diff_contigs,30,30,30,30
sopE,group_4247,43,43,Diff_contigs,43,43,Diff_contigs,43,43,43,43,43,43,43,43,43,Diff_contigs,43,Diff_contigs,43,Missing_in_one,Diff_contigs,Diff_contigs,Missing_in_one,Diff_contigs,43,43,43,43,Diff_contigs,43,43,Diff_contigs,43,Diff_contigs,42,42,42,42,42,42,42,Diff_contigs,42,42,42,42
sopE,group_4248,41,41,Diff_contigs,41,41,Diff_contigs,41,41,41,41,41,41,41,41,41,Diff_contigs,41,Diff_contigs,41,Missing_in_one,Diff_contigs,Diff_contigs,Missing_in_one,Diff_contigs,41,41,41,41,Diff_contigs,41,41,Diff_contigs,41,Diff_contigs,40,40,40,40,40,40,40,Diff_contigs,40,40,40,40
sopE,holE_1,39,39,Diff_contigs,39,39,Diff_contigs,39,39,39,39,39,39,39,39,39,Diff_contigs,39,Diff_contigs,39,Missing_in_one,Diff_contigs,Diff_contigs,Missing_in_one,Diff_contigs,39,39,39,39,Diff_contigs,39,39,Diff_contigs,39,Diff_contigs,38,38,38,38,38,38,38,Diff_contigs,38,38,38,38
sopE,group_4250,38,38,Diff_contigs,38,38,Diff_contigs,38,38,38,38,38,38,38,38,38,Diff_contigs,38,Diff_contigs,38,Missing_in_one,Diff_contigs,Diff_contigs,Missing_in_one,Diff_contigs,38,38,38,38,Diff_contigs,38,38,Diff_contigs,38,Diff_contigs,37,37,37,37,37,37,37,Diff_contigs,37,37,37,37
sopE,group_4251,30,30,Diff_contigs,30,30,30,30,30,30,30,30,30,30,30,30,Diff_contigs,30,Diff_contigs,30,Missing_in_one,Diff_contigs,Diff_contigs,Missing_in_one,Diff_contigs,30,30,30,30,Diff_contigs,30,30,Diff_contigs,30,Diff_contigs,29,29,29,29,29,29,29,Diff_contigs,29,29,29,29
sopE,group_4252,29,29,Diff_contigs,29,29,29,29,29,29,29,29,29,29,29,29,Diff_contigs,29,Diff_contigs,29,Missing_in_one,Diff_contigs,Diff_contigs,Missing_in_one,Diff_contigs,29,29,29,29,Diff_contigs,29,29,Diff_contigs,29,Diff_contigs,28,28,28,28,28,28,28,Diff_contigs,28,28,28,28
sopE,group_4253,28,28,Diff_contigs,28,28,28,28,28,28,28,28,28,28,28,28,Diff_contigs,28,Diff_contigs,28,Missing_in_one,Diff_contigs,Diff_contigs,Missing_in_one,Diff_contigs,28,28,28,28,Diff_contigs,28,28,Diff_contigs,28,Diff_contigs,27,27,27,27,27,27,27,Diff_contigs,27,27,27,27
sopE,group_4254,27,27,Diff_contigs,27,27,27,27,27,27,27,27,27,27,27,27,Diff_contigs,27,Diff_contigs,27,Missing_in_one,Diff_contigs,Diff_contigs,Missing_in_one,Diff_contigs,27,27,27,27,Diff_contigs,27,27,Diff_contigs,27,Diff_contigs,26,26,26,26,26,26,26,Diff_contigs,26,26,26,26
sopE,group_4255,26,26,Diff_contigs,26,26,26,26,26,26,26,26,26,26,26,26,Diff_contigs,26,Diff_contigs,26,Missing_in_one,Diff_contigs,Diff_contigs,Missing_in_one,Diff_contigs,26,26,26,26,Diff_contigs,26,26,Diff_contigs,26,Diff_contigs,25,25,25,25,25,25,25,Diff_contigs,25,25,25,25
sopE,group_4256,25,25,Diff_contigs,25,25,25,25,25,25,25,25,25,25,25,25,Diff_contigs,25,Diff_contigs,25,Missing_in_one,Diff_contigs,Diff_contigs,Missing_in_one,Diff_contigs,25,25,25,25,Diff_contigs,25,25,Diff_contigs,25,Diff_contigs,24,24,24,24,24,24,24,Diff_contigs,24,24,24,24
sopE,group_4257,24,24,Diff_contigs,24,24,24,24,24,24,24,24,24,24,24,24,Diff_contigs,24,Diff_contigs,24,Missing_in_one,Diff_contigs,Diff_contigs,Missing_in_one,Diff_contigs,24,24,24,24,Diff_contigs,24,24,Diff_contigs,24,Diff_contigs,23,23,23,23,23,23,23,Diff_contigs,23,23,23,23
sopE,group_4258,23,23,Diff_contigs,23,23,23,23,23,23,23,23,23,23,23,23,Diff_contigs,23,Diff_contigs,23,Missing_in_one,Diff_contigs,Diff_contigs,Missing_in_one,Diff_contigs,23,23,23,23,Diff_contigs,23,23,Diff_contigs,23,Diff_contigs,22,22,22,22,22,22,22,Diff_contigs,22,22,22,22
sopE,group_4259,21,21,Diff_contigs,21,21,21,21,21,21,21,21,21,21,21,21,Diff_contigs,21,Diff_contigs,21,Missing_in_one,Diff_contigs,Diff_contigs,Missing_in_one,Diff_contigs,21,21,21,21,Diff_contigs,21,21,Diff_contigs,21,Diff_contigs,20,20,20,20,20,20,20,Diff_contigs,20,20,20,20
sopE,group_4260,20,20,Diff_contigs,20,20,20,20,20,20,20,20,20,20,20,20,Diff_contigs,20,Diff_contigs,20,Missing_in_one,Diff_contigs,Diff_contigs,Missing_in_one,Diff_contigs,20,20,20,20,Diff_contigs,20,20,Diff_contigs,20,Diff_contigs,19,19,19,19,19,19,19,Diff_contigs,19,19,19,19
sopE,group_4261,19,19,Diff_contigs,19,19,19,19,19,19,19,19,19,19,19,19,Diff_contigs,19,Diff_contigs,19,Missing_in_one,Diff_contigs,Diff_contigs,Missing_in_one,Diff_contigs,19,19,19,19,Diff_contigs,19,19,Diff_contigs,19,Diff_contigs,18,18,18,18,18,18,18,Diff_contigs,18,18,18,18
sopE,group_4262,18,18,Diff_contigs,18,18,18,18,18,18,18,18,18,18,18,18,Diff_contigs,18,Diff_contigs,18,Missing_in_one,Diff_contigs,Diff_contigs,Missing_in_one,Diff_contigs,18,18,18,18,Diff_contigs,18,18,Diff_contigs,18,Diff_contigs,17,17,17,17,17,17,17,Diff_contigs,17,17,17,17
sopE,group_4263,17,17,Diff_contigs,17,17,17,17,17,17,17,17,17,17,17,17,Diff_contigs,17,Diff_contigs,17,Missing_in_one,Diff_contigs,Diff_contigs,Missing_in_one,Diff_contigs,17,17,17,17,Diff_contigs,17,17,Diff_contigs,17,Diff_contigs,16,16,16,16,16,16,16,Diff_contigs,16,16,16,16
sopE,group_4264,16,16,Diff_contigs,16,16,16,16,16,16,16,16,16,16,16,16,Diff_contigs,16,Diff_contigs,16,Missing_in_one,Diff_contigs,Diff_contigs,Missing_in_one,Diff_contigs,16,16,16,16,Diff_contigs,16,16,Diff_contigs,16,Diff_contigs,15,15,15,15,15,15,15,Diff_contigs,15,15,15,15
sopE,group_944,22,22,Missing_in_one,22,22,22,22,22,22,22,22,22,22,22,22,Diff_contigs,22,Diff_contigs,22,Missing_in_one,Diff_contigs,Diff_contigs,Missing_in_one,Diff_contigs,22,22,22,22,Diff_contigs,22,22,Diff_contigs,22,Diff_contigs,21,21,21,21,21,21,21,Diff_contigs,21,21,21,21
group_1923,group_4247,12,12,12,12,12,Diff_contigs,12,12,12,12,12,12,12,12,12,12,12,12,12,Missing_in_one,12,12,Missing_in_one,12,12,12,12,12,12,12,12,12,12,12,12,12,12,12,12,12,12,12,12,12,12,12
group_1923,group_4248,10,10,10,10,10,Diff_contigs,10,10,10,10,10,10,10,10,10,10,10,10,10,Missing_in_one,10,10,Missing_in_one,10,10,10,10,10,10,10,10,10,10,10,10,10,10,10,10,10,10,10,10,10,10,10
group_1923,holE_1,8,8,8,8,8,Diff_contigs,8,8,8,8,8,8,8,8,8,8,8,8,8,Missing_in_one,8,8,Missing_in_one,8,8,8,8,8,8,8,8,8,8,8,8,8,8,8,8,8,8,8,8,8,8,8
group_1923,group_4250,7,7,7,7,7,Diff_contigs,7,7,7,7,7,7,7,7,7,7,7,7,7,Missing_in_one,7,7,Missing_in_one,7,7,7,7,7,7,7,7,7,7,7,7,7,7,7,7,7,7,7,7,7,7,7
group_1923,group_4251,1,1,1,1,1,1,1,1,1,1,1,1,1,1,1,1,1,1,1,Missing_in_one,1,1,Missing_in_one,1,1,1,1,1,1,1,1,1,1,1,1,1,1,1,1,1,1,1,1,1,1,1
group_1923,group_4252,2,2,2,2,2,2,2,2,2,2,2,2,2,2,2,2,2,2,2,Missing_in_one,2,2,Missing_in_one,2,2,2,2,2,2,2,2,2,2,2,2,2,2,2,2,2,2,2,2,2,2,2
group_1923,group_4253,3,3,3,3,3,3,3,3,3,3,3,3,3,3,3,3,3,3,3,Missing_in_one,3,3,Missing_in_one,3,3,3,3,3,3,3,3,3,3,3,3,3,3,3,3,3,3,3,3,3,3,3
group_1923,group_4254,4,4,4,4,4,4,4,4,4,4,4,4,4,4,4,4,4,4,4,Missing_in_one,4,4,Missing_in_one,4,4,4,4,4,4,4,4,4,4,4,4,4,4,4,4,4,4,4,4,4,4,4
group_1923,group_4255,5,5,5,5,5,5,5,5,5,5,5,5,5,5,5,5,5,5,5,Missing_in_one,5,5,Missing_in_one,5,5,5,5,5,5,5,5,5,5,5,5,5,5,5,5,5,5,5,5,5,5,5
group_1923,group_4256,6,6,6,6,6,6,6,6,6,6,6,6,6,6,6,6,6,6,6,Missing_in_one,6,6,Missing_in_one,6,6,6,6,6,6,6,6,6,6,6,6,6,6,6,6,6,6,6,6,6,6,6
group_1923,group_4257,7,7,7,7,7,7,7,7,7,7,7,7,7,7,7,7,7,7,7,Missing_in_one,7,7,Missing_in_one,7,7,7,7,7,7,7,7,7,7,7,7,7,7,7,7,7,7,7,7,7,7,7
group_1923,group_4258,8,8,8,8,8,8,8,8,8,8,8,8,8,8,8,8,8,8,8,Missing_in_one,8,8,Missing_in_one,8,8,8,8,8,8,8,8,8,8,8,8,8,8,8,8,8,8,8,8,8,8,8
group_1923,group_4259,10,10,11,10,10,10,10,10,10,10,10,10,10,10,10,10,10,10,10,Missing_in_one,10,10,Missing_in_one,10,10,10,10,10,10,10,10,10,10,10,10,10,10,10,10,10,10,10,10,10,10,10
group_1923,group_4260,11,11,12,11,11,11,11,11,11,11,11,11,11,11,11,11,11,11,11,Missing_in_one,11,11,Missing_in_one,11,11,11,11,11,11,11,11,11,11,11,11,11,11,11,11,11,11,11,11,11,11,11
group_1923,group_4261,12,12,13,12,12,12,12,12,12,12,12,12,12,12,12,12,12,12,12,Missing_in_one,12,12,Missing_in_one,12,12,12,12,12,12,12,12,12,12,12,12,12,12,12,12,12,12,12,12,12,12,12
group_1923,group_4262,13,13,14,13,13,13,13,13,13,13,13,13,13,13,13,13,13,13,13,Missing_in_one,13,13,Missing_in_one,13,13,13,13,13,13,13,13,13,13,13,13,13,13,13,13,13,13,13,13,13,13,13
group_1923,group_4263,14,14,15,14,14,14,14,14,14,14,14,14,14,14,14,14,14,14,14,Missing_in_one,14,14,Missing_in_one,14,14,14,14,14,14,14,14,14,14,14,14,14,14,14,14,14,14,14,14,14,14,14
group_1923,group_4264,15,15,16,15,15,15,15,15,15,15,15,15,15,15,15,15,15,15,15,Missing_in_one,15,15,Missing_in_one,15,15,15,15,15,15,15,15,15,15,15,15,15,15,15,15,15,15,15,15,15,15,15
group_1923,group_944,9,9,Missing_in_one,9,9,9,9,9,9,9,9,9,9,9,9,9,9,9,9,Missing_in_one,9,9,Missing_in_one,9,9,9,9,9,9,9,9,9,9,9,9,9,9,9,9,9,9,9,9,9,9,9
group_4247,group_4248,2,2,2,2,2,2,2,2,2,2,2,2,2,2,2,2,2,2,2,Missing_in_one,2,2,Missing_in_one,2,2,2,2,2,2,2,2,2,2,2,2,2,2,2,2,2,2,2,2,2,2,2
group_4247,holE_1,4,4,4,4,4,4,4,4,4,4,4,4,4,4,4,4,4,4,4,Missing_in_one,4,4,Missing_in_one,4,4,4,4,4,4,4,4,4,4,4,4,4,4,4,4,4,4,4,4,4,4,4
group_4247,group_4250,5,5,5,5,5,5,5,5,5,5,5,5,5,5,5,5,5,5,5,Missing_in_one,5,5,Missing_in_one,5,5,5,5,5,5,5,5,5,5,5,5,5,5,5,5,5,5,5,5,5,5,5
group_4247,group_4251,13,13,13,13,13,Diff_contigs,13,13,13,13,13,13,13,13,13,13,13,13,13,Missing_in_one,13,13,Missing_in_one,13,13,13,13,13,13,13,13,13,13,13,13,13,13,13,13,13,13,13,13,13,13,13
group_4247,group_4252,14,14,14,14,14,Diff_contigs,14,14,14,14,14,14,14,14,14,14,14,14,14,Missing_in_one,14,14,Missing_in_one,14,14,14,14,14,14,14,14,14,14,14,14,14,14,14,14,14,14,14,14,14,14,14
group_4247,group_4253,15,15,15,15,15,Diff_contigs,15,15,15,15,15,15,15,15,15,15,15,15,15,Missing_in_one,15,15,Missing_in_one,15,15,15,15,15,15,15,15,15,15,15,15,15,15,15,15,15,15,15,15,15,15,15
group_4247,group_4254,16,16,16,16,16,Diff_contigs,16,16,16,16,16,16,16,16,16,16,16,16,16,Missing_in_one,16,16,Missing_in_one,16,16,16,16,16,16,16,16,16,16,16,16,16,16,16,16,16,16,16,16,16,16,16
group_4247,group_4255,17,17,17,17,17,Diff_contigs,17,17,17,17,17,17,17,17,17,17,17,17,17,Missing_in_one,17,17,Missing_in_one,17,17,17,17,17,17,17,17,17,17,17,17,17,17,17,17,17,17,17,17,17,17,17
group_4247,group_4256,18,18,18,18,18,Diff_contigs,18,18,18,18,18,18,18,18,18,18,18,18,18,Missing_in_one,18,18,Missing_in_one,18,18,18,18,18,18,18,18,18,18,18,18,18,18,18,18,18,18,18,18,18,18,18
group_4247,group_4257,19,19,19,19,19,Diff_contigs,19,19,19,19,19,19,19,19,19,19,19,19,19,Missing_in_one,19,19,Missing_in_one,19,19,19,19,19,19,19,19,19,19,19,19,19,19,19,19,19,19,19,19,19,19,19
group_4247,group_4258,20,20,20,20,20,Diff_contigs,20,20,20,20,20,20,20,20,20,20,20,20,20,Missing_in_one,20,20,Missing_in_one,20,20,20,20,20,20,20,20,20,20,20,20,20,20,20,20,20,20,20,20,20,20,20
group_4247,group_4259,22,22,23,22,22,Diff_contigs,22,22,22,22,22,22,22,22,22,22,22,22,22,Missing_in_one,22,22,Missing_in_one,22,22,22,22,22,22,22,22,22,22,22,22,22,22,22,22,22,22,22,22,22,22,22
group_4247,group_4260,23,23,24,23,23,Diff_contigs,23,23,23,23,23,23,23,23,23,23,23,23,23,Missing_in_one,23,23,Missing_in_one,23,23,23,23,23,23,23,23,23,23,23,23,23,23,23,23,23,23,23,23,23,23,23
group_4247,group_4261,24,24,25,24,24,Diff_contigs,24,24,24,24,24,24,24,24,24,24,24,24,24,Missing_in_one,24,24,Missing_in_one,24,24,24,24,24,24,24,24,24,24,24,24,24,24,24,24,24,24,24,24,24,24,24
group_4247,group_4262,25,25,26,25,25,Diff_contigs,25,25,25,25,25,25,25,25,25,25,25,25,25,Missing_in_one,25,25,Missing_in_one,25,25,25,25,25,25,25,25,25,25,25,25,25,25,25,25,25,25,25,25,25,25,25
group_4247,group_4263,26,26,27,26,26,Diff_contigs,26,26,26,26,26,26,26,26,26,26,26,26,26,Missing_in_one,26,26,Missing_in_one,26,26,26,26,26,26,26,26,26,26,26,26,26,26,26,26,26,26,26,26,26,26,26
group_4247,group_4264,27,27,28,27,27,Diff_contigs,27,27,27,27,27,27,27,27,27,27,27,27,27,Missing_in_one,27,27,Missing_in_one,27,27,27,27,27,27,27,27,27,27,27,27,27,27,27,27,27,27,27,27,27,27,27
group_4247,group_944,21,21,Missing_in_one,21,21,Diff_contigs,21,21,21,21,21,21,21,21,21,21,21,21,21,Missing_in_one,21,21,Missing_in_one,21,21,21,21,21,21,21,21,21,21,21,21,21,21,21,21,21,21,21,21,21,21,21
group_4248,holE_1,2,2,2,2,2,2,2,2,2,2,2,2,2,2,2,2,2,2,2,Missing_in_one,2,2,Missing_in_one,2,2,2,2,2,2,2,2,2,2,2,2,2,2,2,2,2,2,2,2,2,2,2
group_4248,group_4250,3,3,3,3,3,3,3,3,3,3,3,3,3,3,3,3,3,3,3,Missing_in_one,3,3,Missing_in_one,3,3,3,3,3,3,3,3,3,3,3,3,3,3,3,3,3,3,3,3,3,3,3
group_4248,group_4251,11,11,11,11,11,Diff_contigs,11,11,11,11,11,11,11,11,11,11,11,11,11,Missing_in_one,11,11,Missing_in_one,11,11,11,11,11,11,11,11,11,11,11,11,11,11,11,11,11,11,11,11,11,11,11
group_4248,group_4252,12,12,12,12,12,Diff_contigs,12,12,12,12,12,12,12,12,12,12,12,12,12,Missing_in_one,12,12,Missing_in_one,12,12,12,12,12,12,12,12,12,12,12,12,12,12,12,12,12,12,12,12,12,12,12
group_4248,group_4253,13,13,13,13,13,Diff_contigs,13,13,13,13,13,13,13,13,13,13,13,13,13,Missing_in_one,13,13,Missing_in_one,13,13,13,13,13,13,13,13,13,13,13,13,13,13,13,13,13,13,13,13,13,13,13
group_4248,group_4254,14,14,14,14,14,Diff_contigs,14,14,14,14,14,14,14,14,14,14,14,14,14,Missing_in_one,14,14,Missing_in_one,14,14,14,14,14,14,14,14,14,14,14,14,14,14,14,14,14,14,14,14,14,14,14
group_4248,group_4255,15,15,15,15,15,Diff_contigs,15,15,15,15,15,15,15,15,15,15,15,15,15,Missing_in_one,15,15,Missing_in_one,15,15,15,15,15,15,15,15,15,15,15,15,15,15,15,15,15,15,15,15,15,15,15
group_4248,group_4256,16,16,16,16,16,Diff_contigs,16,16,16,16,16,16,16,16,16,16,16,16,16,Missing_in_one,16,16,Missing_in_one,16,16,16,16,16,16,16,16,16,16,16,16,16,16,16,16,16,16,16,16,16,16,16
group_4248,group_4257,17,17,17,17,17,Diff_contigs,17,17,17,17,17,17,17,17,17,17,17,17,17,Missing_in_one,17,17,Missing_in_one,17,17,17,17,17,17,17,17,17,17,17,17,17,17,17,17,17,17,17,17,17,17,17
group_4248,group_4258,18,18,18,18,18,Diff_contigs,18,18,18,18,18,18,18,18,18,18,18,18,18,Missing_in_one,18,18,Missing_in_one,18,18,18,18,18,18,18,18,18,18,18,18,18,18,18,18,18,18,18,18,18,18,18
group_4248,group_4259,20,20,21,20,20,Diff_contigs,20,20,20,20,20,20,20,20,20,20,20,20,20,Missing_in_one,20,20,Missing_in_one,20,20,20,20,20,20,20,20,20,20,20,20,20,20,20,20,20,20,20,20,20,20,20
group_4248,group_4260,21,21,22,21,21,Diff_contigs,21,21,21,21,21,21,21,21,21,21,21,21,21,Missing_in_one,21,21,Missing_in_one,21,21,21,21,21,21,21,21,21,21,21,21,21,21,21,21,21,21,21,21,21,21,21
group_4248,group_4261,22,22,23,22,22,Diff_contigs,22,22,22,22,22,22,22,22,22,22,22,22,22,Missing_in_one,22,22,Missing_in_one,22,22,22,22,22,22,22,22,22,22,22,22,22,22,22,22,22,22,22,22,22,22,22
group_4248,group_4262,23,23,24,23,23,Diff_contigs,23,23,23,23,23,23,23,23,23,23,23,23,23,Missing_in_one,23,23,Missing_in_one,23,23,23,23,23,23,23,23,23,23,23,23,23,23,23,23,23,23,23,23,23,23,23
group_4248,group_4263,24,24,25,24,24,Diff_contigs,24,24,24,24,24,24,24,24,24,24,24,24,24,Missing_in_one,24,24,Missing_in_one,24,24,24,24,24,24,24,24,24,24,24,24,24,24,24,24,24,24,24,24,24,24,24
group_4248,group_4264,25,25,26,25,25,Diff_contigs,25,25,25,25,25,25,25,25,25,25,25,25,25,Missing_in_one,25,25,Missing_in_one,25,25,25,25,25,25,25,25,25,25,25,25,25,25,25,25,25,25,25,25,25,25,25
group_4248,group_944,19,19,Missing_in_one,19,19,Diff_contigs,19,19,19,19,19,19,19,19,19,19,19,19,19,Missing_in_one,19,19,Missing_in_one,19,19,19,19,19,19,19,19,19,19,19,19,19,19,19,19,19,19,19,19,19,19,19
holE_1,group_4250,1,1,1,1,1,1,1,1,1,1,1,1,1,1,1,1,1,1,1,Missing_in_one,1,1,Missing_in_one,1,1,1,1,1,1,1,1,1,1,1,1,1,1,1,1,1,1,1,1,1,1,1
holE_1,group_4251,9,9,9,9,9,Diff_contigs,9,9,9,9,9,9,9,9,9,9,9,9,9,Missing_in_one,9,9,Missing_in_one,9,9,9,9,9,9,9,9,9,9,9,9,9,9,9,9,9,9,9,9,9,9,9
holE_1,group_4252,10,10,10,10,10,Diff_contigs,10,10,10,10,10,10,10,10,10,10,10,10,10,Missing_in_one,10,10,Missing_in_one,10,10,10,10,10,10,10,10,10,10,10,10,10,10,10,10,10,10,10,10,10,10,10
holE_1,group_4253,11,11,11,11,11,Diff_contigs,11,11,11,11,11,11,11,11,11,11,11,11,11,Missing_in_one,11,11,Missing_in_one,11,11,11,11,11,11,11,11,11,11,11,11,11,11,11,11,11,11,11,11,11,11,11
holE_1,group_4254,12,12,12,12,12,Diff_contigs,12,12,12,12,12,12,12,12,12,12,12,12,12,Missing_in_one,12,12,Missing_in_one,12,12,12,12,12,12,12,12,12,12,12,12,12,12,12,12,12,12,12,12,12,12,12
holE_1,group_4255,13,13,13,13,13,Diff_contigs,13,13,13,13,13,13,13,13,13,13,13,13,13,Missing_in_one,13,13,Missing_in_one,13,13,13,13,13,13,13,13,13,13,13,13,13,13,13,13,13,13,13,13,13,13,13
holE_1,group_4256,14,14,14,14,14,Diff_contigs,14,14,14,14,14,14,14,14,14,14,14,14,14,Missing_in_one,14,14,Missing_in_one,14,14,14,14,14,14,14,14,14,14,14,14,14,14,14,14,14,14,14,14,14,14,14
holE_1,group_4257,15,15,15,15,15,Diff_contigs,15,15,15,15,15,15,15,15,15,15,15,15,15,Missing_in_one,15,15,Missing_in_one,15,15,15,15,15,15,15,15,15,15,15,15,15,15,15,15,15,15,15,15,15,15,15
holE_1,group_4258,16,16,16,16,16,Diff_contigs,16,16,16,16,16,16,16,16,16,16,16,16,16,Missing_in_one,16,16,Missing_in_one,16,16,16,16,16,16,16,16,16,16,16,16,16,16,16,16,16,16,16,16,16,16,16
holE_1,group_4259,18,18,19,18,18,Diff_contigs,18,18,18,18,18,18,18,18,18,18,18,18,18,Missing_in_one,18,18,Missing_in_one,18,18,18,18,18,18,18,18,18,18,18,18,18,18,18,18,18,18,18,18,18,18,18
holE_1,group_4260,19,19,20,19,19,Diff_contigs,19,19,19,19,19,19,19,19,19,19,19,19,19,Missing_in_one,19,19,Missing_in_one,19,19,19,19,19,19,19,19,19,19,19,19,19,19,19,19,19,19,19,19,19,19,19
holE_1,group_4261,20,20,21,20,20,Diff_contigs,20,20,20,20,20,20,20,20,20,20,20,20,20,Missing_in_one,20,20,Missing_in_one,20,20,20,20,20,20,20,20,20,20,20,20,20,20,20,20,20,20,20,20,20,20,20
holE_1,group_4262,21,21,22,21,21,Diff_contigs,21,21,21,21,21,21,21,21,21,21,21,21,21,Missing_in_one,21,21,Missing_in_one,21,21,21,21,21,21,21,21,21,21,21,21,21,21,21,21,21,21,21,21,21,21,21
holE_1,group_4263,22,22,23,22,22,Diff_contigs,22,22,22,22,22,22,22,22,22,22,22,22,22,Missing_in_one,22,22,Missing_in_one,22,22,22,22,22,22,22,22,22,22,22,22,22,22,22,22,22,22,22,22,22,22,22
holE_1,group_4264,23,23,24,23,23,Diff_contigs,23,23,23,23,23,23,23,23,23,23,23,23,23,Missing_in_one,23,23,Missing_in_one,23,23,23,23,23,23,23,23,23,23,23,23,23,23,23,23,23,23,23,23,23,23,23
holE_1,group_944,17,17,Missing_in_one,17,17,Diff_contigs,17,17,17,17,17,17,17,17,17,17,17,17,17,Missing_in_one,17,17,Missing_in_one,17,17,17,17,17,17,17,17,17,17,17,17,17,17,17,17,17,17,17,17,17,17,17
group_4250,group_4251,8,8,8,8,8,Diff_contigs,8,8,8,8,8,8,8,8,8,8,8,8,8,Missing_in_one,8,8,Missing_in_one,8,8,8,8,8,8,8,8,8,8,8,8,8,8,8,8,8,8,8,8,8,8,8
group_4250,group_4252,9,9,9,9,9,Diff_contigs,9,9,9,9,9,9,9,9,9,9,9,9,9,Missing_in_one,9,9,Missing_in_one,9,9,9,9,9,9,9,9,9,9,9,9,9,9,9,9,9,9,9,9,9,9,9
group_4250,group_4253,10,10,10,10,10,Diff_contigs,10,10,10,10,10,10,10,10,10,10,10,10,10,Missing_in_one,10,10,Missing_in_one,10,10,10,10,10,10,10,10,10,10,10,10,10,10,10,10,10,10,10,10,10,10,10
group_4250,group_4254,11,11,11,11,11,Diff_contigs,11,11,11,11,11,11,11,11,11,11,11,11,11,Missing_in_one,11,11,Missing_in_one,11,11,11,11,11,11,11,11,11,11,11,11,11,11,11,11,11,11,11,11,11,11,11
group_4250,group_4255,12,12,12,12,12,Diff_contigs,12,12,12,12,12,12,12,12,12,12,12,12,12,Missing_in_one,12,12,Missing_in_one,12,12,12,12,12,12,12,12,12,12,12,12,12,12,12,12,12,12,12,12,12,12,12
group_4250,group_4256,13,13,13,13,13,Diff_contigs,13,13,13,13,13,13,13,13,13,13,13,13,13,Missing_in_one,13,13,Missing_in_one,13,13,13,13,13,13,13,13,13,13,13,13,13,13,13,13,13,13,13,13,13,13,13
group_4250,group_4257,14,14,14,14,14,Diff_contigs,14,14,14,14,14,14,14,14,14,14,14,14,14,Missing_in_one,14,14,Missing_in_one,14,14,14,14,14,14,14,14,14,14,14,14,14,14,14,14,14,14,14,14,14,14,14
group_4250,group_4258,15,15,15,15,15,Diff_contigs,15,15,15,15,15,15,15,15,15,15,15,15,15,Missing_in_one,15,15,Missing_in_one,15,15,15,15,15,15,15,15,15,15,15,15,15,15,15,15,15,15,15,15,15,15,15
group_4250,group_4259,17,17,18,17,17,Diff_contigs,17,17,17,17,17,17,17,17,17,17,17,17,17,Missing_in_one,17,17,Missing_in_one,17,17,17,17,17,17,17,17,17,17,17,17,17,17,17,17,17,17,17,17,17,17,17
group_4250,group_4260,18,18,19,18,18,Diff_contigs,18,18,18,18,18,18,18,18,18,18,18,18,18,Missing_in_one,18,18,Missing_in_one,18,18,18,18,18,18,18,18,18,18,18,18,18,18,18,18,18,18,18,18,18,18,18
group_4250,group_4261,19,19,20,19,19,Diff_contigs,19,19,19,19,19,19,19,19,19,19,19,19,19,Missing_in_one,19,19,Missing_in_one,19,19,19,19,19,19,19,19,19,19,19,19,19,19,19,19,19,19,19,19,19,19,19
group_4250,group_4262,20,20,21,20,20,Diff_contigs,20,20,20,20,20,20,20,20,20,20,20,20,20,Missing_in_one,20,20,Missing_in_one,20,20,20,20,20,20,20,20,20,20,20,20,20,20,20,20,20,20,20,20,20,20,20
group_4250,group_4263,21,21,22,21,21,Diff_contigs,21,21,21,21,21,21,21,21,21,21,21,21,21,Missing_in_one,21,21,Missing_in_one,21,21,21,21,21,21,21,21,21,21,21,21,21,21,21,21,21,21,21,21,21,21,21
group_4250,group_4264,22,22,23,22,22,Diff_contigs,22,22,22,22,22,22,22,22,22,22,22,22,22,Missing_in_one,22,22,Missing_in_one,22,22,22,22,22,22,22,22,22,22,22,22,22,22,22,22,22,22,22,22,22,22,22
group_4250,group_944,16,16,Missing_in_one,16,16,Diff_contigs,16,16,16,16,16,16,16,16,16,16,16,16,16,Missing_in_one,16,16,Missing_in_one,16,16,16,16,16,16,16,16,16,16,16,16,16,16,16,16,16,16,16,16,16,16,16
group_4251,group_4252,1,1,1,1,1,1,1,1,1,1,1,1,1,1,1,1,1,1,1,Missing_in_one,1,1,Missing_in_one,1,1,1,1,1,1,1,1,1,1,1,1,1,1,1,1,1,1,1,1,1,1,1
group_4251,group_4253,2,2,2,2,2,2,2,2,2,2,2,2,2,2,2,2,2,2,2,Missing_in_one,2,2,Missing_in_one,2,2,2,2,2,2,2,2,2,2,2,2,2,2,2,2,2,2,2,2,2,2,2
group_4251,group_4254,3,3,3,3,3,3,3,3,3,3,3,3,3,3,3,3,3,3,3,Missing_in_one,3,3,Missing_in_one,3,3,3,3,3,3,3,3,3,3,3,3,3,3,3,3,3,3,3,3,3,3,3
group_4251,group_4255,4,4,4,4,4,4,4,4,4,4,4,4,4,4,4,4,4,4,4,Missing_in_one,4,4,Missing_in_one,4,4,4,4,4,4,4,4,4,4,4,4,4,4,4,4,4,4,4,4,4,4,4
group_4251,group_4256,5,5,5,5,5,5,5,5,5,5,5,5,5,5,5,5,5,5,5,Missing_in_one,5,5,Missing_in_one,5,5,5,5,5,5,5,5,5,5,5,5,5,5,5,5,5,5,5,5,5,5,5
group_4251,group_4257,6,6,6,6,6,6,6,6,6,6,6,6,6,6,6,6,6,6,6,Missing_in_one,6,6,Missing_in_one,6,6,6,6,6,6,6,6,6,6,6,6,6,6,6,6,6,6,6,6,6,6,6
group_4251,group_4258,7,7,7,7,7,7,7,7,7,7,7,7,7,7,7,7,7,7,7,Missing_in_one,7,7,Missing_in_one,7,7,7,7,7,7,7,7,7,7,7,7,7,7,7,7,7,7,7,7,7,7,7
group_4251,group_4259,9,9,10,9,9,9,9,9,9,9,9,9,9,9,9,9,9,9,9,Missing_in_one,9,9,Missing_in_one,9,9,9,9,9,9,9,9,9,9,9,9,9,9,9,9,9,9,9,9,9,9,9
group_4251,group_4260,10,10,11,10,10,10,10,10,10,10,10,10,10,10,10,10,10,10,10,Missing_in_one,10,10,Missing_in_one,10,10,10,10,10,10,10,10,10,10,10,10,10,10,10,10,10,10,10,10,10,10,10
group_4251,group_4261,11,11,12,11,11,11,11,11,11,11,11,11,11,11,11,11,11,11,11,Missing_in_one,11,11,Missing_in_one,11,11,11,11,11,11,11,11,11,11,11,11,11,11,11,11,11,11,11,11,11,11,11
group_4251,group_4262,12,12,13,12,12,12,12,12,12,12,12,12,12,12,12,12,12,12,12,Missing_in_one,12,12,Missing_in_one,12,12,12,12,12,12,12,12,12,12,12,12,12,12,12,12,12,12,12,12,12,12,12
group_4251,group_4263,13,13,14,13,13,13,13,13,13,13,13,13,13,13,13,13,13,13,13,Missing_in_one,13,13,Missing_in_one,13,13,13,13,13,13,13,13,13,13,13,13,13,13,13,13,13,13,13,13,13,13,13
group_4251,group_4264,14,14,15,14,14,14,14,14,14,14,14,14,14,14,14,14,14,14,14,Missing_in_one,14,14,Missing_in_one,14,14,14,14,14,14,14,14,14,14,14,14,14,14,14,14,14,14,14,14,14,14,14
group_4251,group_944,8,8,Missing_in_one,8,8,8,8,8,8,8,8,8,8,8,8,8,8,8,8,Missing_in_one,8,8,Missing_in_one,8,8,8,8,8,8,8,8,8,8,8,8,8,8,8,8,8,8,8,8,8,8,8
group_4252,group_4253,1,1,1,1,1,1,1,1,1,1,1,1,1,1,1,1,1,1,1,Missing_in_one,1,1,Missing_in_one,1,1,1,1,1,1,1,1,1,1,1,1,1,1,1,1,1,1,1,1,1,1,1
group_4252,group_4254,2,2,2,2,2,2,2,2,2,2,2,2,2,2,2,2,2,2,2,Missing_in_one,2,2,Missing_in_one,2,2,2,2,2,2,2,2,2,2,2,2,2,2,2,2,2,2,2,2,2,2,2
group_4252,group_4255,3,3,3,3,3,3,3,3,3,3,3,3,3,3,3,3,3,3,3,Missing_in_one,3,3,Missing_in_one,3,3,3,3,3,3,3,3,3,3,3,3,3,3,3,3,3,3,3,3,3,3,3
group_4252,group_4256,4,4,4,4,4,4,4,4,4,4,4,4,4,4,4,4,4,4,4,Missing_in_one,4,4,Missing_in_one,4,4,4,4,4,4,4,4,4,4,4,4,4,4,4,4,4,4,4,4,4,4,4
group_4252,group_4257,5,5,5,5,5,5,5,5,5,5,5,5,5,5,5,5,5,5,5,Missing_in_one,5,5,Missing_in_one,5,5,5,5,5,5,5,5,5,5,5,5,5,5,5,5,5,5,5,5,5,5,5
group_4252,group_4258,6,6,6,6,6,6,6,6,6,6,6,6,6,6,6,6,6,6,6,Missing_in_one,6,6,Missing_in_one,6,6,6,6,6,6,6,6,6,6,6,6,6,6,6,6,6,6,6,6,6,6,6
group_4252,group_4259,8,8,9,8,8,8,8,8,8,8,8,8,8,8,8,8,8,8,8,Missing_in_one,8,8,Missing_in_one,8,8,8,8,8,8,8,8,8,8,8,8,8,8,8,8,8,8,8,8,8,8,8
group_4252,group_4260,9,9,10,9,9,9,9,9,9,9,9,9,9,9,9,9,9,9,9,Missing_in_one,9,9,Missing_in_one,9,9,9,9,9,9,9,9,9,9,9,9,9,9,9,9,9,9,9,9,9,9,9
group_4252,group_4261,10,10,11,10,10,10,10,10,10,10,10,10,10,10,10,10,10,10,10,Missing_in_one,10,10,Missing_in_one,10,10,10,10,10,10,10,10,10,10,10,10,10,10,10,10,10,10,10,10,10,10,10
group_4252,group_4262,11,11,12,11,11,11,11,11,11,11,11,11,11,11,11,11,11,11,11,Missing_in_one,11,11,Missing_in_one,11,11,11,11,11,11,11,11,11,11,11,11,11,11,11,11,11,11,11,11,11,11,11
group_4252,group_4263,12,12,13,12,12,12,12,12,12,12,12,12,12,12,12,12,12,12,12,Missing_in_one,12,12,Missing_in_one,12,12,12,12,12,12,12,12,12,12,12,12,12,12,12,12,12,12,12,12,12,12,12
group_4252,group_4264,13,13,14,13,13,13,13,13,13,13,13,13,13,13,13,13,13,13,13,Missing_in_one,13,13,Missing_in_one,13,13,13,13,13,13,13,13,13,13,13,13,13,13,13,13,13,13,13,13,13,13,13
group_4252,group_944,7,7,Missing_in_one,7,7,7,7,7,7,7,7,7,7,7,7,7,7,7,7,Missing_in_one,7,7,Missing_in_one,7,7,7,7,7,7,7,7,7,7,7,7,7,7,7,7,7,7,7,7,7,7,7
group_4253,group_4254,1,1,1,1,1,1,1,1,1,1,1,1,1,1,1,1,1,1,1,Missing_in_one,1,1,Missing_in_one,1,1,1,1,1,1,1,1,1,1,1,1,1,1,1,1,1,1,1,1,1,1,1
group_4253,group_4255,2,2,2,2,2,2,2,2,2,2,2,2,2,2,2,2,2,2,2,Missing_in_one,2,2,Missing_in_one,2,2,2,2,2,2,2,2,2,2,2,2,2,2,2,2,2,2,2,2,2,2,2
group_4253,group_4256,3,3,3,3,3,3,3,3,3,3,3,3,3,3,3,3,3,3,3,Missing_in_one,3,3,Missing_in_one,3,3,3,3,3,3,3,3,3,3,3,3,3,3,3,3,3,3,3,3,3,3,3
group_4253,group_4257,4,4,4,4,4,4,4,4,4,4,4,4,4,4,4,4,4,4,4,Missing_in_one,4,4,Missing_in_one,4,4,4,4,4,4,4,4,4,4,4,4,4,4,4,4,4,4,4,4,4,4,4
group_4253,group_4258,5,5,5,5,5,5,5,5,5,5,5,5,5,5,5,5,5,5,5,Missing_in_one,5,5,Missing_in_one,5,5,5,5,5,5,5,5,5,5,5,5,5,5,5,5,5,5,5,5,5,5,5
group_4253,group_4259,7,7,8,7,7,7,7,7,7,7,7,7,7,7,7,7,7,7,7,Missing_in_one,7,7,Missing_in_one,7,7,7,7,7,7,7,7,7,7,7,7,7,7,7,7,7,7,7,7,7,7,7
group_4253,group_4260,8,8,9,8,8,8,8,8,8,8,8,8,8,8,8,8,8,8,8,Missing_in_one,8,8,Missing_in_one,8,8,8,8,8,8,8,8,8,8,8,8,8,8,8,8,8,8,8,8,8,8,8
group_4253,group_4261,9,9,10,9,9,9,9,9,9,9,9,9,9,9,9,9,9,9,9,Missing_in_one,9,9,Missing_in_one,9,9,9,9,9,9,9,9,9,9,9,9,9,9,9,9,9,9,9,9,9,9,9
group_4253,group_4262,10,10,11,10,10,10,10,10,10,10,10,10,10,10,10,10,10,10,10,Missing_in_one,10,10,Missing_in_one,10,10,10,10,10,10,10,10,10,10,10,10,10,10,10,10,10,10,10,10,10,10,10
group_4253,group_4263,11,11,12,11,11,11,11,11,11,11,11,11,11,11,11,11,11,11,11,Missing_in_one,11,11,Missing_in_one,11,11,11,11,11,11,11,11,11,11,11,11,11,11,11,11,11,11,11,11,11,11,11
group_4253,group_4264,12,12,13,12,12,12,12,12,12,12,12,12,12,12,12,12,12,12,12,Missing_in_one,12,12,Missing_in_one,12,12,12,12,12,12,12,12,12,12,12,12,12,12,12,12,12,12,12,12,12,12,12
group_4253,group_944,6,6,Missing_in_one,6,6,6,6,6,6,6,6,6,6,6,6,6,6,6,6,Missing_in_one,6,6,Missing_in_one,6,6,6,6,6,6,6,6,6,6,6,6,6,6,6,6,6,6,6,6,6,6,6
group_4254,group_4255,1,1,1,1,1,1,1,1,1,1,1,1,1,1,1,1,1,1,1,Missing_in_one,1,1,Missing_in_one,1,1,1,1,1,1,1,1,1,1,1,1,1,1,1,1,1,1,1,1,1,1,1
group_4254,group_4256,2,2,2,2,2,2,2,2,2,2,2,2,2,2,2,2,2,2,2,Missing_in_one,2,2,Missing_in_one,2,2,2,2,2,2,2,2,2,2,2,2,2,2,2,2,2,2,2,2,2,2,2
group_4254,group_4257,3,3,3,3,3,3,3,3,3,3,3,3,3,3,3,3,3,3,3,Missing_in_one,3,3,Missing_in_one,3,3,3,3,3,3,3,3,3,3,3,3,3,3,3,3,3,3,3,3,3,3,3
group_4254,group_4258,4,4,4,4,4,4,4,4,4,4,4,4,4,4,4,4,4,4,4,Missing_in_one,4,4,Missing_in_one,4,4,4,4,4,4,4,4,4,4,4,4,4,4,4,4,4,4,4,4,4,4,4
group_4254,group_4259,6,6,7,6,6,6,6,6,6,6,6,6,6,6,6,6,6,6,6,Missing_in_one,6,6,Missing_in_one,6,6,6,6,6,6,6,6,6,6,6,6,6,6,6,6,6,6,6,6,6,6,6
group_4254,group_4260,7,7,8,7,7,7,7,7,7,7,7,7,7,7,7,7,7,7,7,Missing_in_one,7,7,Missing_in_one,7,7,7,7,7,7,7,7,7,7,7,7,7,7,7,7,7,7,7,7,7,7,7
group_4254,group_4261,8,8,9,8,8,8,8,8,8,8,8,8,8,8,8,8,8,8,8,Missing_in_one,8,8,Missing_in_one,8,8,8,8,8,8,8,8,8,8,8,8,8,8,8,8,8,8,8,8,8,8,8
group_4254,group_4262,9,9,10,9,9,9,9,9,9,9,9,9,9,9,9,9,9,9,9,Missing_in_one,9,9,Missing_in_one,9,9,9,9,9,9,9,9,9,9,9,9,9,9,9,9,9,9,9,9,9,9,9
group_4254,group_4263,10,10,11,10,10,10,10,10,10,10,10,10,10,10,10,10,10,10,10,Missing_in_one,10,10,Missing_in_one,10,10,10,10,10,10,10,10,10,10,10,10,10,10,10,10,10,10,10,10,10,10,10
group_4254,group_4264,11,11,12,11,11,11,11,11,11,11,11,11,11,11,11,11,11,11,11,Missing_in_one,11,11,Missing_in_one,11,11,11,11,11,11,11,11,11,11,11,11,11,11,11,11,11,11,11,11,11,11,11
group_4254,group_944,5,5,Missing_in_one,5,5,5,5,5,5,5,5,5,5,5,5,5,5,5,5,Missing_in_one,5,5,Missing_in_one,5,5,5,5,5,5,5,5,5,5,5,5,5,5,5,5,5,5,5,5,5,5,5
group_4255,group_4256,1,1,1,1,1,1,1,1,1,1,1,1,1,1,1,1,1,1,1,Missing_in_one,1,1,Missing_in_one,1,1,1,1,1,1,1,1,1,1,1,1,1,1,1,1,1,1,1,1,1,1,1
group_4255,group_4257,2,2,2,2,2,2,2,2,2,2,2,2,2,2,2,2,2,2,2,Missing_in_one,2,2,Missing_in_one,2,2,2,2,2,2,2,2,2,2,2,2,2,2,2,2,2,2,2,2,2,2,2
group_4255,group_4258,3,3,3,3,3,3,3,3,3,3,3,3,3,3,3,3,3,3,3,Missing_in_one,3,3,Missing_in_one,3,3,3,3,3,3,3,3,3,3,3,3,3,3,3,3,3,3,3,3,3,3,3
group_4255,group_4259,5,5,6,5,5,5,5,5,5,5,5,5,5,5,5,5,5,5,5,Missing_in_one,5,5,Missing_in_one,5,5,5,5,5,5,5,5,5,5,5,5,5,5,5,5,5,5,5,5,5,5,5
group_4255,group_4260,6,6,7,6,6,6,6,6,6,6,6,6,6,6,6,6,6,6,6,Missing_in_one,6,6,Missing_in_one,6,6,6,6,6,6,6,6,6,6,6,6,6,6,6,6,6,6,6,6,6,6,6
group_4255,group_4261,7,7,8,7,7,7,7,7,7,7,7,7,7,7,7,7,7,7,7,Missing_in_one,7,7,Missing_in_one,7,7,7,7,7,7,7,7,7,7,7,7,7,7,7,7,7,7,7,7,7,7,7
group_4255,group_4262,8,8,9,8,8,8,8,8,8,8,8,8,8,8,8,8,8,8,8,Missing_in_one,8,8,Missing_in_one,8,8,8,8,8,8,8,8,8,8,8,8,8,8,8,8,8,8,8,8,8,8,8
group_4255,group_4263,9,9,10,9,9,9,9,9,9,9,9,9,9,9,9,9,9,9,9,Missing_in_one,9,9,Missing_in_one,9,9,9,9,9,9,9,9,9,9,9,9,9,9,9,9,9,9,9,9,9,9,9
group_4255,group_4264,10,10,11,10,10,10,10,10,10,10,10,10,10,10,10,10,10,10,10,Missing_in_one,10,10,Missing_in_one,10,10,10,10,10,10,10,10,10,10,10,10,10,10,10,10,10,10,10,10,10,10,10
group_4255,group_944,4,4,Missing_in_one,4,4,4,4,4,4,4,4,4,4,4,4,4,4,4,4,Missing_in_one,4,4,Missing_in_one,4,4,4,4,4,4,4,4,4,4,4,4,4,4,4,4,4,4,4,4,4,4,4
group_4256,group_4257,1,1,1,1,1,1,1,1,1,1,1,1,1,1,1,1,1,1,1,Missing_in_one,1,1,Missing_in_one,1,1,1,1,1,1,1,1,1,1,1,1,1,1,1,1,1,1,1,1,1,1,1
group_4256,group_4258,2,2,2,2,2,2,2,2,2,2,2,2,2,2,2,2,2,2,2,Missing_in_one,2,2,Missing_in_one,2,2,2,2,2,2,2,2,2,2,2,2,2,2,2,2,2,2,2,2,2,2,2
group_4256,group_4259,4,4,5,4,4,4,4,4,4,4,4,4,4,4,4,4,4,4,4,Missing_in_one,4,4,Missing_in_one,4,4,4,4,4,4,4,4,4,4,4,4,4,4,4,4,4,4,4,4,4,4,4
group_4256,group_4260,5,5,6,5,5,5,5,5,5,5,5,5,5,5,5,5,5,5,5,Missing_in_one,5,5,Missing_in_one,5,5,5,5,5,5,5,5,5,5,5,5,5,5,5,5,5,5,5,5,5,5,5
group_4256,group_4261,6,6,7,6,6,6,6,6,6,6,6,6,6,6,6,6,6,6,6,Missing_in_one,6,6,Missing_in_one,6,6,6,6,6,6,6,6,6,6,6,6,6,6,6,6,6,6,6,6,6,6,6
group_4256,group_4262,7,7,8,7,7,7,7,7,7,7,7,7,7,7,7,7,7,7,7,Missing_in_one,7,7,Missing_in_one,7,7,7,7,7,7,7,7,7,7,7,7,7,7,7,7,7,7,7,7,7,7,7
group_4256,group_4263,8,8,9,8,8,8,8,8,8,8,8,8,8,8,8,8,8,8,8,Missing_in_one,8,8,Missing_in_one,8,8,8,8,8,8,8,8,8,8,8,8,8,8,8,8,8,8,8,8,8,8,8
group_4256,group_4264,9,9,10,9,9,9,9,9,9,9,9,9,9,9,9,9,9,9,9,Missing_in_one,9,9,Missing_in_one,9,9,9,9,9,9,9,9,9,9,9,9,9,9,9,9,9,9,9,9,9,9,9
group_4256,group_944,3,3,Missing_in_one,3,3,3,3,3,3,3,3,3,3,3,3,3,3,3,3,Missing_in_one,3,3,Missing_in_one,3,3,3,3,3,3,3,3,3,3,3,3,3,3,3,3,3,3,3,3,3,3,3
group_4257,group_4258,1,1,1,1,1,1,1,1,1,1,1,1,1,1,1,1,1,1,1,Missing_in_one,1,1,Missing_in_one,1,1,1,1,1,1,1,1,1,1,1,1,1,1,1,1,1,1,1,1,1,1,1
group_4257,group_4259,3,3,4,3,3,3,3,3,3,3,3,3,3,3,3,3,3,3,3,Missing_in_one,3,3,Missing_in_one,3,3,3,3,3,3,3,3,3,3,3,3,3,3,3,3,3,3,3,3,3,3,3
group_4257,group_4260,4,4,5,4,4,4,4,4,4,4,4,4,4,4,4,4,4,4,4,Missing_in_one,4,4,Missing_in_one,4,4,4,4,4,4,4,4,4,4,4,4,4,4,4,4,4,4,4,4,4,4,4
group_4257,group_4261,5,5,6,5,5,5,5,5,5,5,5,5,5,5,5,5,5,5,5,Missing_in_one,5,5,Missing_in_one,5,5,5,5,5,5,5,5,5,5,5,5,5,5,5,5,5,5,5,5,5,5,5
group_4257,group_4262,6,6,7,6,6,6,6,6,6,6,6,6,6,6,6,6,6,6,6,Missing_in_one,6,6,Missing_in_one,6,6,6,6,6,6,6,6,6,6,6,6,6,6,6,6,6,6,6,6,6,6,6
group_4257,group_4263,7,7,8,7,7,7,7,7,7,7,7,7,7,7,7,7,7,7,7,Missing_in_one,7,7,Missing_in_one,7,7,7,7,7,7,7,7,7,7,7,7,7,7,7,7,7,7,7,7,7,7,7
group_4257,group_4264,8,8,9,8,8,8,8,8,8,8,8,8,8,8,8,8,8,8,8,Missing_in_one,8,8,Missing_in_one,8,8,8,8,8,8,8,8,8,8,8,8,8,8,8,8,8,8,8,8,8,8,8
group_4257,group_944,2,2,Missing_in_one,2,2,2,2,2,2,2,2,2,2,2,2,2,2,2,2,Missing_in_one,2,2,Missing_in_one,2,2,2,2,2,2,2,2,2,2,2,2,2,2,2,2,2,2,2,2,2,2,2
group_4258,group_4259,2,2,3,2,2,2,2,2,2,2,2,2,2,2,2,2,2,2,2,Missing_in_one,2,2,Missing_in_one,2,2,2,2,2,2,2,2,2,2,2,2,2,2,2,2,2,2,2,2,2,2,2
group_4258,group_4260,3,3,4,3,3,3,3,3,3,3,3,3,3,3,3,3,3,3,3,Missing_in_one,3,3,Missing_in_one,3,3,3,3,3,3,3,3,3,3,3,3,3,3,3,3,3,3,3,3,3,3,3
group_4258,group_4261,4,4,5,4,4,4,4,4,4,4,4,4,4,4,4,4,4,4,4,Missing_in_one,4,4,Missing_in_one,4,4,4,4,4,4,4,4,4,4,4,4,4,4,4,4,4,4,4,4,4,4,4
group_4258,group_4262,5,5,6,5,5,5,5,5,5,5,5,5,5,5,5,5,5,5,5,Missing_in_one,5,5,Missing_in_one,5,5,5,5,5,5,5,5,5,5,5,5,5,5,5,5,5,5,5,5,5,5,5
group_4258,group_4263,6,6,7,6,6,6,6,6,6,6,6,6,6,6,6,6,6,6,6,Missing_in_one,6,6,Missing_in_one,6,6,6,6,6,6,6,6,6,6,6,6,6,6,6,6,6,6,6,6,6,6,6
group_4258,group_4264,7,7,8,7,7,7,7,7,7,7,7,7,7,7,7,7,7,7,7,Missing_in_one,7,7,Missing_in_one,7,7,7,7,7,7,7,7,7,7,7,7,7,7,7,7,7,7,7,7,7,7,7
group_4258,group_944,1,1,Missing_in_one,1,1,1,1,1,1,1,1,1,1,1,1,1,1,1,1,Missing_in_one,1,1,Missing_in_one,1,1,1,1,1,1,1,1,1,1,1,1,1,1,1,1,1,1,1,1,1,1,1
group_4259,group_4260,1,1,1,1,1,1,1,1,1,1,1,1,1,1,1,1,1,1,1,Missing_in_one,1,1,Missing_in_one,1,1,1,1,1,1,1,1,1,1,1,1,1,1,1,1,1,1,1,1,1,1,1
group_4259,group_4261,2,2,2,2,2,2,2,2,2,2,2,2,2,2,2,2,2,2,2,Missing_in_one,2,2,Missing_in_one,2,2,2,2,2,2,2,2,2,2,2,2,2,2,2,2,2,2,2,2,2,2,2
group_4259,group_4262,3,3,3,3,3,3,3,3,3,3,3,3,3,3,3,3,3,3,3,Missing_in_one,3,3,Missing_in_one,3,3,3,3,3,3,3,3,3,3,3,3,3,3,3,3,3,3,3,3,3,3,3
group_4259,group_4263,4,4,4,4,4,4,4,4,4,4,4,4,4,4,4,4,4,4,4,Missing_in_one,4,4,Missing_in_one,4,4,4,4,4,4,4,4,4,4,4,4,4,4,4,4,4,4,4,4,4,4,4
group_4259,group_4264,5,5,5,5,5,5,5,5,5,5,5,5,5,5,5,5,5,5,5,Missing_in_one,5,5,Missing_in_one,5,5,5,5,5,5,5,5,5,5,5,5,5,5,5,5,5,5,5,5,5,5,5
group_4259,group_944,1,1,Missing_in_one,1,1,1,1,1,1,1,1,1,1,1,1,1,1,1,1,Missing_in_one,1,1,Missing_in_one,1,1,1,1,1,1,1,1,1,1,1,1,1,1,1,1,1,1,1,1,1,1,1
group_4260,group_4261,1,1,1,1,1,1,1,1,1,1,1,1,1,1,1,1,1,1,1,Missing_in_one,1,1,Missing_in_one,1,1,1,1,1,1,1,1,1,1,1,1,1,1,1,1,1,1,1,1,1,1,1
group_4260,group_4262,2,2,2,2,2,2,2,2,2,2,2,2,2,2,2,2,2,2,2,Missing_in_one,2,2,Missing_in_one,2,2,2,2,2,2,2,2,2,2,2,2,2,2,2,2,2,2,2,2,2,2,2
group_4260,group_4263,3,3,3,3,3,3,3,3,3,3,3,3,3,3,3,3,3,3,3,Missing_in_one,3,3,Missing_in_one,3,3,3,3,3,3,3,3,3,3,3,3,3,3,3,3,3,3,3,3,3,3,3
group_4260,group_4264,4,4,4,4,4,4,4,4,4,4,4,4,4,4,4,4,4,4,4,Missing_in_one,4,4,Missing_in_one,4,4,4,4,4,4,4,4,4,4,4,4,4,4,4,4,4,4,4,4,4,4,4
group_4260,group_944,2,2,Missing_in_one,2,2,2,2,2,2,2,2,2,2,2,2,2,2,2,2,Missing_in_one,2,2,Missing_in_one,2,2,2,2,2,2,2,2,2,2,2,2,2,2,2,2,2,2,2,2,2,2,2
group_4261,group_4262,1,1,1,1,1,1,1,1,1,1,1,1,1,1,1,1,1,1,1,Missing_in_one,1,1,Missing_in_one,1,1,1,1,1,1,1,1,1,1,1,1,1,1,1,1,1,1,1,1,1,1,1
group_4261,group_4263,2,2,2,2,2,2,2,2,2,2,2,2,2,2,2,2,2,2,2,Missing_in_one,2,2,Missing_in_one,2,2,2,2,2,2,2,2,2,2,2,2,2,2,2,2,2,2,2,2,2,2,2
group_4261,group_4264,3,3,3,3,3,3,3,3,3,3,3,3,3,3,3,3,3,3,3,Missing_in_one,3,3,Missing_in_one,3,3,3,3,3,3,3,3,3,3,3,3,3,3,3,3,3,3,3,3,3,3,3
group_4261,group_944,3,3,Missing_in_one,3,3,3,3,3,3,3,3,3,3,3,3,3,3,3,3,Missing_in_one,3,3,Missing_in_one,3,3,3,3,3,3,3,3,3,3,3,3,3,3,3,3,3,3,3,3,3,3,3
group_4262,group_4263,1,1,1,1,1,1,1,1,1,1,1,1,1,1,1,1,1,1,1,Missing_in_one,1,1,Missing_in_one,1,1,1,1,1,1,1,1,1,1,1,1,1,1,1,1,1,1,1,1,1,1,1
group_4262,group_4264,2,2,2,2,2,2,2,2,2,2,2,2,2,2,2,2,2,2,2,Missing_in_one,2,2,Missing_in_one,2,2,2,2,2,2,2,2,2,2,2,2,2,2,2,2,2,2,2,2,2,2,2
group_4262,group_944,4,4,Missing_in_one,4,4,4,4,4,4,4,4,4,4,4,4,4,4,4,4,Missing_in_one,4,4,Missing_in_one,4,4,4,4,4,4,4,4,4,4,4,4,4,4,4,4,4,4,4,4,4,4,4
group_4263,group_4264,1,1,1,1,1,1,1,1,1,1,1,1,1,1,1,1,1,1,1,Missing_in_one,1,1,Missing_in_one,1,1,1,1,1,1,1,1,1,1,1,1,1,1,1,1,1,1,1,1,1,1,1
group_4263,group_944,5,5,Missing_in_one,5,5,5,5,5,5,5,5,5,5,5,5,5,5,5,5,Missing_in_one,5,5,Missing_in_one,5,5,5,5,5,5,5,5,5,5,5,5,5,5,5,5,5,5,5,5,5,5,5
group_4264,group_944,6,6,Missing_in_one,6,6,6,6,6,6,6,6,6,6,6,6,6,6,6,6,Missing_in_one,6,6,Missing_in_one,6,6,6,6,6,6,6,6,6,6,6,6,6,6,6,6,6,6,6,6,6,6,6
